[
    {
        "day": "2016-07-07",
        "price": "158"
    },
    {
        "day": "2017-07-11",
        "price": "158"
    },
    {
        "day": "2017-07-12",
        "price": "158"
    },
    {
        "day": "2017-07-13",
        "price": "158"
    },
    {
        "day": "2017-07-14",
        "price": "158"
    },
    {
        "day": "2017-07-15",
        "price": "158"
    },
    {
        "day": "2017-07-16",
        "price": "158"
    },
    {
        "day": "2017-07-17",
        "price": "158"
    },
    {
        "day": "2017-11-15",
        "price": "158"
    },
    {
        "day": "2017-12-15",
        "price": "158"
    },
    {
        "day": "2017-01-15",
        "price": "158"
    },
    {
        "day": "2017-01-15",
        "price": "158"
    },
    {
        "day": "2017-02-15",
        "price": "158"
    },
    {
        "day": "2017-03-15",
        "price": "59"
    },
    {
        "day": "2017-04-15",
        "price": "59"
    },
    {
        "day": "2017-05-15",
        "price": "59"
    },
    {
        "day": "2017-06-15",
        "price": "59"
    },
    {
        "day": "2017-07-15",
        "price": "59"
    },
    {
        "day": "2017-08-15",
        "price": "59"
    },
    {
        "day": "2017-09-15",
        "price": "59"
    },
    {
        "day": "2017-07-15",
        "price": "59"
    },
    {
        "day": "2017-11-15",
        "price": "59"
    },
    {
        "day": "2017-12-15",
        "price": "59"
    }
]